-- ═══════════════════════════════════════════════════════
-- EduVerse — Seed Data
-- Run this AFTER supabase-schema.sql in Supabase SQL Editor
-- ═══════════════════════════════════════════════════════
-- All passwords: admin→admin123, everyone else→pass123

-- ── 1. CLASSES ──────────────────────────────────────────
INSERT INTO public.classes (id, name, section, grade_level) VALUES
  ('c10a0001-0000-0000-0000-000000000001', 'Class 10-A', 'A', 10),
  ('c10b0002-0000-0000-0000-000000000002', 'Class 10-B', 'B', 10),
  ('c11a0003-0000-0000-0000-000000000003', 'Class 11-A', 'A', 11),
  ('c11b0004-0000-0000-0000-000000000004', 'Class 11-B', 'B', 11),
  ('c12a0005-0000-0000-0000-000000000005', 'Class 12-A', 'A', 12);

-- ── 2. PROFILES (Users) ────────────────────────────────
-- Admin (admin / admin123)
INSERT INTO public.profiles (id, user_id, password_hash, full_name, role, phone) VALUES
  ('a0000001-0000-0000-0000-000000000001', 'admin',
   '$2b$10$p.lqSgB0Cbr45zclhU5pAO6Py61.m/CmR7aBvNYb4Z6PGSNkYoeaO',
   'System Admin', 'admin', '+91 98765 00000');

-- Faculty (fac001–fac005 / pass123)
INSERT INTO public.profiles (id, user_id, password_hash, full_name, role, phone) VALUES
  ('f0000001-0000-0000-0000-000000000001', 'fac001',
   '$2b$10$3ldqoMSK6xxT8TJ6k9jg/OBG/QpZ4uSG5Z0fRwyfFpuIdPKQlnaSS',
   'Dr. Ananya Sharma', 'faculty', '+91 98765 11111'),
  ('f0000002-0000-0000-0000-000000000002', 'fac002',
   '$2b$10$3ldqoMSK6xxT8TJ6k9jg/OBG/QpZ4uSG5Z0fRwyfFpuIdPKQlnaSS',
   'Prof. Rajesh Kumar', 'faculty', '+91 98765 22222'),
  ('f0000003-0000-0000-0000-000000000003', 'fac003',
   '$2b$10$3ldqoMSK6xxT8TJ6k9jg/OBG/QpZ4uSG5Z0fRwyfFpuIdPKQlnaSS',
   'Dr. Priya Patel', 'faculty', '+91 98765 33333'),
  ('f0000004-0000-0000-0000-000000000004', 'fac004',
   '$2b$10$3ldqoMSK6xxT8TJ6k9jg/OBG/QpZ4uSG5Z0fRwyfFpuIdPKQlnaSS',
   'Prof. Vikram Singh', 'faculty', '+91 98765 44444'),
  ('f0000005-0000-0000-0000-000000000005', 'fac005',
   '$2b$10$3ldqoMSK6xxT8TJ6k9jg/OBG/QpZ4uSG5Z0fRwyfFpuIdPKQlnaSS',
   'Dr. Meena Iyer', 'faculty', '+91 98765 55555');

-- Students (stu001–stu015 / pass123)
INSERT INTO public.profiles (id, user_id, password_hash, full_name, role, phone, class_id) VALUES
  -- Class 10-A
  ('50000001-0000-0000-0000-000000000001', 'stu001',
   '$2b$10$3ldqoMSK6xxT8TJ6k9jg/OBG/QpZ4uSG5Z0fRwyfFpuIdPKQlnaSS',
   'Aarav Gupta', 'student', '+91 91111 00001', 'c10a0001-0000-0000-0000-000000000001'),
  ('50000002-0000-0000-0000-000000000002', 'stu002',
   '$2b$10$3ldqoMSK6xxT8TJ6k9jg/OBG/QpZ4uSG5Z0fRwyfFpuIdPKQlnaSS',
   'Diya Mehta', 'student', '+91 91111 00002', 'c10a0001-0000-0000-0000-000000000001'),
  ('50000003-0000-0000-0000-000000000003', 'stu003',
   '$2b$10$3ldqoMSK6xxT8TJ6k9jg/OBG/QpZ4uSG5Z0fRwyfFpuIdPKQlnaSS',
   'Arjun Reddy', 'student', '+91 91111 00003', 'c10a0001-0000-0000-0000-000000000001'),
  -- Class 10-B
  ('50000004-0000-0000-0000-000000000004', 'stu004',
   '$2b$10$3ldqoMSK6xxT8TJ6k9jg/OBG/QpZ4uSG5Z0fRwyfFpuIdPKQlnaSS',
   'Ishita Verma', 'student', '+91 91111 00004', 'c10b0002-0000-0000-0000-000000000002'),
  ('50000005-0000-0000-0000-000000000005', 'stu005',
   '$2b$10$3ldqoMSK6xxT8TJ6k9jg/OBG/QpZ4uSG5Z0fRwyfFpuIdPKQlnaSS',
   'Rohan Joshi', 'student', '+91 91111 00005', 'c10b0002-0000-0000-0000-000000000002'),
  ('50000006-0000-0000-0000-000000000006', 'stu006',
   '$2b$10$3ldqoMSK6xxT8TJ6k9jg/OBG/QpZ4uSG5Z0fRwyfFpuIdPKQlnaSS',
   'Ananya Desai', 'student', '+91 91111 00006', 'c10b0002-0000-0000-0000-000000000002'),
  -- Class 11-A
  ('50000007-0000-0000-0000-000000000007', 'stu007',
   '$2b$10$3ldqoMSK6xxT8TJ6k9jg/OBG/QpZ4uSG5Z0fRwyfFpuIdPKQlnaSS',
   'Kabir Malhotra', 'student', '+91 91111 00007', 'c11a0003-0000-0000-0000-000000000003'),
  ('50000008-0000-0000-0000-000000000008', 'stu008',
   '$2b$10$3ldqoMSK6xxT8TJ6k9jg/OBG/QpZ4uSG5Z0fRwyfFpuIdPKQlnaSS',
   'Nisha Kapoor', 'student', '+91 91111 00008', 'c11a0003-0000-0000-0000-000000000003'),
  ('50000009-0000-0000-0000-000000000009', 'stu009',
   '$2b$10$3ldqoMSK6xxT8TJ6k9jg/OBG/QpZ4uSG5Z0fRwyfFpuIdPKQlnaSS',
   'Vivaan Saxena', 'student', '+91 91111 00009', 'c11a0003-0000-0000-0000-000000000003'),
  -- Class 11-B
  ('50000010-0000-0000-0000-000000000010', 'stu010',
   '$2b$10$3ldqoMSK6xxT8TJ6k9jg/OBG/QpZ4uSG5Z0fRwyfFpuIdPKQlnaSS',
   'Saanvi Tiwari', 'student', '+91 91111 00010', 'c11b0004-0000-0000-0000-000000000004'),
  ('50000011-0000-0000-0000-000000000011', 'stu011',
   '$2b$10$3ldqoMSK6xxT8TJ6k9jg/OBG/QpZ4uSG5Z0fRwyfFpuIdPKQlnaSS',
   'Aditya Bhatia', 'student', '+91 91111 00011', 'c11b0004-0000-0000-0000-000000000004'),
  -- Class 12-A
  ('50000012-0000-0000-0000-000000000012', 'stu012',
   '$2b$10$3ldqoMSK6xxT8TJ6k9jg/OBG/QpZ4uSG5Z0fRwyfFpuIdPKQlnaSS',
   'Riya Choudhary', 'student', '+91 91111 00012', 'c12a0005-0000-0000-0000-000000000005'),
  ('50000013-0000-0000-0000-000000000013', 'stu013',
   '$2b$10$3ldqoMSK6xxT8TJ6k9jg/OBG/QpZ4uSG5Z0fRwyfFpuIdPKQlnaSS',
   'Dev Nair', 'student', '+91 91111 00013', 'c12a0005-0000-0000-0000-000000000005'),
  ('50000014-0000-0000-0000-000000000014', 'stu014',
   '$2b$10$3ldqoMSK6xxT8TJ6k9jg/OBG/QpZ4uSG5Z0fRwyfFpuIdPKQlnaSS',
   'Myra Agarwal', 'student', '+91 91111 00014', 'c12a0005-0000-0000-0000-000000000005'),
  ('50000015-0000-0000-0000-000000000015', 'stu015',
   '$2b$10$3ldqoMSK6xxT8TJ6k9jg/OBG/QpZ4uSG5Z0fRwyfFpuIdPKQlnaSS',
   'Karthik Rao', 'student', '+91 91111 00015', 'c12a0005-0000-0000-0000-000000000005');

-- Update class teachers
UPDATE public.classes SET class_teacher_id = 'f0000001-0000-0000-0000-000000000001' WHERE id = 'c10a0001-0000-0000-0000-000000000001';
UPDATE public.classes SET class_teacher_id = 'f0000002-0000-0000-0000-000000000002' WHERE id = 'c10b0002-0000-0000-0000-000000000002';
UPDATE public.classes SET class_teacher_id = 'f0000003-0000-0000-0000-000000000003' WHERE id = 'c11a0003-0000-0000-0000-000000000003';
UPDATE public.classes SET class_teacher_id = 'f0000004-0000-0000-0000-000000000004' WHERE id = 'c11b0004-0000-0000-0000-000000000004';
UPDATE public.classes SET class_teacher_id = 'f0000005-0000-0000-0000-000000000005' WHERE id = 'c12a0005-0000-0000-0000-000000000005';

-- ── 3. COURSES ──────────────────────────────────────────
INSERT INTO public.courses (id, title, description, code, class_id, status) VALUES
  ('c0000001-0000-0000-0000-000000000001', 'Mathematics', 'Algebra, Calculus, and Geometry', 'MATH10', 'c10a0001-0000-0000-0000-000000000001', 'active'),
  ('c0000002-0000-0000-0000-000000000002', 'Physics', 'Mechanics, Optics, and Thermodynamics', 'PHY10', 'c10a0001-0000-0000-0000-000000000001', 'active'),
  ('c0000003-0000-0000-0000-000000000003', 'Chemistry', 'Organic and Inorganic Chemistry', 'CHEM10', 'c10b0002-0000-0000-0000-000000000002', 'active'),
  ('c0000004-0000-0000-0000-000000000004', 'English Literature', 'Shakespeare, Poetry, and Prose', 'ENG11', 'c11a0003-0000-0000-0000-000000000003', 'active'),
  ('c0000005-0000-0000-0000-000000000005', 'Computer Science', 'Programming, Data Structures, Algorithms', 'CS11', 'c11a0003-0000-0000-0000-000000000003', 'active'),
  ('c0000006-0000-0000-0000-000000000006', 'Biology', 'Cell Biology, Genetics, Ecology', 'BIO11', 'c11b0004-0000-0000-0000-000000000004', 'active'),
  ('c0000007-0000-0000-0000-000000000007', 'History', 'Modern Indian History and World Wars', 'HIST12', 'c12a0005-0000-0000-0000-000000000005', 'active'),
  ('c0000008-0000-0000-0000-000000000008', 'Advanced Mathematics', 'Differential Equations and Linear Algebra', 'MATH12', 'c12a0005-0000-0000-0000-000000000005', 'active');

-- ── 4. COURSE ↔ FACULTY ─────────────────────────────────
INSERT INTO public.course_faculty (course_id, faculty_id) VALUES
  ('c0000001-0000-0000-0000-000000000001', 'f0000001-0000-0000-0000-000000000001'),
  ('c0000002-0000-0000-0000-000000000002', 'f0000002-0000-0000-0000-000000000002'),
  ('c0000003-0000-0000-0000-000000000003', 'f0000003-0000-0000-0000-000000000003'),
  ('c0000004-0000-0000-0000-000000000004', 'f0000004-0000-0000-0000-000000000004'),
  ('c0000005-0000-0000-0000-000000000005', 'f0000001-0000-0000-0000-000000000001'),
  ('c0000006-0000-0000-0000-000000000006', 'f0000005-0000-0000-0000-000000000005'),
  ('c0000007-0000-0000-0000-000000000007', 'f0000004-0000-0000-0000-000000000004'),
  ('c0000008-0000-0000-0000-000000000008', 'f0000001-0000-0000-0000-000000000001');

-- ── 5. ENROLLMENTS ──────────────────────────────────────
INSERT INTO public.enrollments (course_id, student_id) VALUES
  -- Class 10-A → Math + Physics
  ('c0000001-0000-0000-0000-000000000001', '50000001-0000-0000-0000-000000000001'),
  ('c0000001-0000-0000-0000-000000000001', '50000002-0000-0000-0000-000000000002'),
  ('c0000001-0000-0000-0000-000000000001', '50000003-0000-0000-0000-000000000003'),
  ('c0000002-0000-0000-0000-000000000002', '50000001-0000-0000-0000-000000000001'),
  ('c0000002-0000-0000-0000-000000000002', '50000002-0000-0000-0000-000000000002'),
  ('c0000002-0000-0000-0000-000000000002', '50000003-0000-0000-0000-000000000003'),
  -- Class 10-B → Chemistry
  ('c0000003-0000-0000-0000-000000000003', '50000004-0000-0000-0000-000000000004'),
  ('c0000003-0000-0000-0000-000000000003', '50000005-0000-0000-0000-000000000005'),
  ('c0000003-0000-0000-0000-000000000003', '50000006-0000-0000-0000-000000000006'),
  -- Class 11-A → English + CS
  ('c0000004-0000-0000-0000-000000000004', '50000007-0000-0000-0000-000000000007'),
  ('c0000004-0000-0000-0000-000000000004', '50000008-0000-0000-0000-000000000008'),
  ('c0000004-0000-0000-0000-000000000004', '50000009-0000-0000-0000-000000000009'),
  ('c0000005-0000-0000-0000-000000000005', '50000007-0000-0000-0000-000000000007'),
  ('c0000005-0000-0000-0000-000000000005', '50000008-0000-0000-0000-000000000008'),
  -- Class 11-B → Biology
  ('c0000006-0000-0000-0000-000000000006', '50000010-0000-0000-0000-000000000010'),
  ('c0000006-0000-0000-0000-000000000006', '50000011-0000-0000-0000-000000000011'),
  -- Class 12-A → History + Adv Math
  ('c0000007-0000-0000-0000-000000000007', '50000012-0000-0000-0000-000000000012'),
  ('c0000007-0000-0000-0000-000000000007', '50000013-0000-0000-0000-000000000013'),
  ('c0000007-0000-0000-0000-000000000007', '50000014-0000-0000-0000-000000000014'),
  ('c0000008-0000-0000-0000-000000000008', '50000012-0000-0000-0000-000000000012'),
  ('c0000008-0000-0000-0000-000000000008', '50000013-0000-0000-0000-000000000013'),
  ('c0000008-0000-0000-0000-000000000008', '50000015-0000-0000-0000-000000000015');

-- ── 6. MODULES ──────────────────────────────────────────
INSERT INTO public.modules (id, course_id, title, order_index) VALUES
  ('d0000001-0000-0000-0000-000000000001', 'c0000001-0000-0000-0000-000000000001', 'Algebra Fundamentals', 1),
  ('d0000002-0000-0000-0000-000000000002', 'c0000001-0000-0000-0000-000000000001', 'Quadratic Equations', 2),
  ('d0000003-0000-0000-0000-000000000003', 'c0000002-0000-0000-0000-000000000002', 'Laws of Motion', 1),
  ('d0000004-0000-0000-0000-000000000004', 'c0000002-0000-0000-0000-000000000002', 'Work, Energy & Power', 2),
  ('d0000005-0000-0000-0000-000000000005', 'c0000005-0000-0000-0000-000000000005', 'Introduction to Programming', 1),
  ('d0000006-0000-0000-0000-000000000006', 'c0000005-0000-0000-0000-000000000005', 'Data Structures', 2);

-- ── 7. LESSONS ──────────────────────────────────────────
INSERT INTO public.lessons (module_id, title, content_type, content_url, content_text, order_index) VALUES
  ('d0000001-0000-0000-0000-000000000001', 'Variables and Expressions', 'text', NULL, 'Learn about variables, constants, and algebraic expressions.', 1),
  ('d0000001-0000-0000-0000-000000000001', 'Linear Equations', 'video', 'https://www.youtube.com/watch?v=example1', NULL, 2),
  ('d0000002-0000-0000-0000-000000000002', 'Solving Quadratics', 'text', NULL, 'Methods: factoring, completing the square, and quadratic formula.', 1),
  ('d0000003-0000-0000-0000-000000000003', 'Newton''s First Law', 'text', NULL, 'An object at rest stays at rest unless acted upon by an external force.', 1),
  ('d0000003-0000-0000-0000-000000000003', 'Newton''s Second Law', 'document', 'https://example.com/f-equals-ma.pdf', NULL, 2),
  ('d0000005-0000-0000-0000-000000000005', 'What is Programming?', 'text', NULL, 'Introduction to computers and how programs work.', 1),
  ('d0000005-0000-0000-0000-000000000005', 'Variables & Data Types', 'video', 'https://www.youtube.com/watch?v=example2', NULL, 2),
  ('d0000006-0000-0000-0000-000000000006', 'Arrays and Linked Lists', 'text', NULL, 'Understanding sequential vs linked data storage.', 1);

-- ── 8. ASSIGNMENTS ──────────────────────────────────────
INSERT INTO public.assignments (id, course_id, created_by, title, description, due_date, max_marks) VALUES
  ('a5000001-0000-0000-0000-000000000001', 'c0000001-0000-0000-0000-000000000001', 'f0000001-0000-0000-0000-000000000001',
   'Algebra Problem Set 1', 'Solve 20 problems on linear equations', '2026-04-15 23:59:00+05:30', 50),
  ('a5000002-0000-0000-0000-000000000002', 'c0000001-0000-0000-0000-000000000001', 'f0000001-0000-0000-0000-000000000001',
   'Quadratic Equations Worksheet', 'Complete the worksheet on quadratic equations', '2026-04-20 23:59:00+05:30', 100),
  ('a5000003-0000-0000-0000-000000000003', 'c0000002-0000-0000-0000-000000000002', 'f0000002-0000-0000-0000-000000000002',
   'Newton Laws Lab Report', 'Write a lab report on the force experiment', '2026-04-10 23:59:00+05:30', 75),
  ('a5000004-0000-0000-0000-000000000004', 'c0000005-0000-0000-0000-000000000005', 'f0000001-0000-0000-0000-000000000001',
   'Build a Calculator', 'Create a simple calculator program in any language', '2026-04-25 23:59:00+05:30', 100),
  ('a5000005-0000-0000-0000-000000000005', 'c0000003-0000-0000-0000-000000000003', 'f0000003-0000-0000-0000-000000000003',
   'Periodic Table Quiz', 'Fill in the periodic table elements 1-30', '2026-04-08 23:59:00+05:30', 40);

-- ── 9. SUBMISSIONS ──────────────────────────────────────
INSERT INTO public.submissions (assignment_id, student_id, text_content, marks_obtained, feedback, status) VALUES
  ('a5000001-0000-0000-0000-000000000001', '50000001-0000-0000-0000-000000000001',
   'Here are my solutions for problems 1-20. I used the substitution method for Q5-Q10.',
   42, 'Excellent work! Minor error in Q15.', 'graded'),
  ('a5000001-0000-0000-0000-000000000001', '50000002-0000-0000-0000-000000000002',
   'Solutions for all 20 problems attached below.', NULL, NULL, 'submitted'),
  ('a5000003-0000-0000-0000-000000000003', '50000001-0000-0000-0000-000000000001',
   'Lab report on force experiment with observations.', NULL, NULL, 'submitted');

-- ── 10. GRADES ──────────────────────────────────────────
INSERT INTO public.grades (course_id, student_id, exam_type, marks_obtained, max_marks) VALUES
  ('c0000001-0000-0000-0000-000000000001', '50000001-0000-0000-0000-000000000001', 'midterm', 85, 100),
  ('c0000002-0000-0000-0000-000000000002', '50000001-0000-0000-0000-000000000001', 'quiz', 18, 20),
  ('c0000001-0000-0000-0000-000000000001', '50000002-0000-0000-0000-000000000002', 'midterm', 72, 100),
  ('c0000001-0000-0000-0000-000000000001', '50000003-0000-0000-0000-000000000003', 'midterm', 91, 100);

-- ── 11. ATTENDANCE ──────────────────────────────────────
INSERT INTO public.attendance (student_id, class_id, attendance_date, status, marked_by) VALUES
  ('50000001-0000-0000-0000-000000000001', 'c10a0001-0000-0000-0000-000000000001', '2026-04-05', 'present', 'f0000001-0000-0000-0000-000000000001'),
  ('50000001-0000-0000-0000-000000000001', 'c10a0001-0000-0000-0000-000000000001', '2026-04-04', 'present', 'f0000001-0000-0000-0000-000000000001'),
  ('50000001-0000-0000-0000-000000000001', 'c10a0001-0000-0000-0000-000000000001', '2026-04-03', 'late', 'f0000001-0000-0000-0000-000000000001'),
  ('50000001-0000-0000-0000-000000000001', 'c10a0001-0000-0000-0000-000000000001', '2026-04-02', 'present', 'f0000001-0000-0000-0000-000000000001'),
  ('50000001-0000-0000-0000-000000000001', 'c10a0001-0000-0000-0000-000000000001', '2026-04-01', 'absent', 'f0000001-0000-0000-0000-000000000001'),
  ('50000002-0000-0000-0000-000000000002', 'c10a0001-0000-0000-0000-000000000001', '2026-04-05', 'present', 'f0000001-0000-0000-0000-000000000001'),
  ('50000002-0000-0000-0000-000000000002', 'c10a0001-0000-0000-0000-000000000001', '2026-04-04', 'absent', 'f0000001-0000-0000-0000-000000000001'),
  ('50000002-0000-0000-0000-000000000002', 'c10a0001-0000-0000-0000-000000000001', '2026-04-03', 'present', 'f0000001-0000-0000-0000-000000000001'),
  ('50000003-0000-0000-0000-000000000003', 'c10a0001-0000-0000-0000-000000000001', '2026-04-05', 'present', 'f0000001-0000-0000-0000-000000000001'),
  ('50000003-0000-0000-0000-000000000003', 'c10a0001-0000-0000-0000-000000000001', '2026-04-04', 'present', 'f0000001-0000-0000-0000-000000000001'),
  ('50000007-0000-0000-0000-000000000007', 'c11a0003-0000-0000-0000-000000000003', '2026-04-05', 'present', 'f0000004-0000-0000-0000-000000000004'),
  ('50000007-0000-0000-0000-000000000007', 'c11a0003-0000-0000-0000-000000000003', '2026-04-04', 'late', 'f0000004-0000-0000-0000-000000000004');

-- ── 12. TIMETABLE ───────────────────────────────────────
INSERT INTO public.timetable_entries (class_id, course_id, faculty_id, day_of_week, start_time, end_time, room) VALUES
  ('c10a0001-0000-0000-0000-000000000001', 'c0000001-0000-0000-0000-000000000001', 'f0000001-0000-0000-0000-000000000001', 'Monday', '09:00', '09:45', 'Room 101'),
  ('c10a0001-0000-0000-0000-000000000001', 'c0000002-0000-0000-0000-000000000002', 'f0000002-0000-0000-0000-000000000002', 'Monday', '10:00', '10:45', 'Lab 1'),
  ('c10a0001-0000-0000-0000-000000000001', 'c0000001-0000-0000-0000-000000000001', 'f0000001-0000-0000-0000-000000000001', 'Tuesday', '09:00', '09:45', 'Room 101'),
  ('c10a0001-0000-0000-0000-000000000001', 'c0000002-0000-0000-0000-000000000002', 'f0000002-0000-0000-0000-000000000002', 'Wednesday', '11:00', '11:45', 'Lab 1'),
  ('c10a0001-0000-0000-0000-000000000001', 'c0000001-0000-0000-0000-000000000001', 'f0000001-0000-0000-0000-000000000001', 'Thursday', '09:00', '09:45', 'Room 101'),
  ('c10a0001-0000-0000-0000-000000000001', 'c0000002-0000-0000-0000-000000000002', 'f0000002-0000-0000-0000-000000000002', 'Friday', '10:00', '10:45', 'Lab 1'),
  ('c11a0003-0000-0000-0000-000000000003', 'c0000004-0000-0000-0000-000000000004', 'f0000004-0000-0000-0000-000000000004', 'Monday', '10:00', '10:45', 'Room 201'),
  ('c11a0003-0000-0000-0000-000000000003', 'c0000005-0000-0000-0000-000000000005', 'f0000001-0000-0000-0000-000000000001', 'Monday', '11:00', '11:45', 'CS Lab'),
  ('c11a0003-0000-0000-0000-000000000003', 'c0000004-0000-0000-0000-000000000004', 'f0000004-0000-0000-0000-000000000004', 'Wednesday', '10:00', '10:45', 'Room 201'),
  ('c11a0003-0000-0000-0000-000000000003', 'c0000005-0000-0000-0000-000000000005', 'f0000001-0000-0000-0000-000000000001', 'Friday', '11:00', '11:45', 'CS Lab'),
  ('c12a0005-0000-0000-0000-000000000005', 'c0000007-0000-0000-0000-000000000007', 'f0000004-0000-0000-0000-000000000004', 'Tuesday', '09:00', '09:45', 'Room 301'),
  ('c12a0005-0000-0000-0000-000000000005', 'c0000008-0000-0000-0000-000000000008', 'f0000001-0000-0000-0000-000000000001', 'Tuesday', '10:00', '10:45', 'Room 301'),
  ('c12a0005-0000-0000-0000-000000000005', 'c0000007-0000-0000-0000-000000000007', 'f0000004-0000-0000-0000-000000000004', 'Thursday', '09:00', '09:45', 'Room 301'),
  ('c12a0005-0000-0000-0000-000000000005', 'c0000008-0000-0000-0000-000000000008', 'f0000001-0000-0000-0000-000000000001', 'Thursday', '10:00', '10:45', 'Room 301');

-- ── 13. ANNOUNCEMENTS ───────────────────────────────────
INSERT INTO public.announcements (created_by, title, content, target_role) VALUES
  ('a0000001-0000-0000-0000-000000000001',
   'Annual Sports Day 2026',
   'The Annual Sports Day will be held on 20th April 2026. All students must register with their class teacher by 10th April.',
   'all'),
  ('a0000001-0000-0000-0000-000000000001',
   'Mid-Term Exam Schedule',
   'Mid-term examinations will commence from 25th April. Detailed timetable has been shared with class teachers.',
   'student'),
  ('a0000001-0000-0000-0000-000000000001',
   'Faculty Meeting - Curriculum Review',
   'All faculty members are requested to attend the curriculum review meeting on 8th April at 3:00 PM in the Conference Hall.',
   'faculty');

-- ═══════════════════════════════════════════════════════
-- Seed complete!
-- Login credentials:
--   Admin:   admin / admin123
--   Faculty: fac001-fac005 / pass123
--   Student: stu001-stu015 / pass123
-- ═══════════════════════════════════════════════════════
